{
    "$id": "https://example.com/address.schema.json",
    "$schema": "http://json-schema.org/draft-07/schema#",
    "title": "near",
    "description": "near request/response",
    "type": "object",
    "properties": {
      "requestType": {
        "description":"a request for known places near a specified place.",
        "type":"string",
        "pattern":"^near$"
      },
      "place": {
        "description":"a place object containing geographic coordinates.",
        "type":"object",
          "properties": {
            "latitude": {
              "type":"string",
              "pattern":"^[-+]?(?:90(?:(?:\\.0+)?)|(?:[0-9]|[1-8][0-9])(?:(?:\\.[0-9]+)?))$"
            },
            "longitude": {
              "type":"string",
              "pattern":"^[-+]?(?:180(?:(?:\\.0+)?)|(?:[0-9]|[1-9][0-9]|1[0-7][0-9])(?:(?:\\.[0-9]+)?))$"
            }
          },
          "required": ["latitude","longitude"],
          "additionalProperties": { "type": "string" }
      },
      "distance":{
        "description":"the maximum distance from place in earth radius units",
        "type":"integer",
        "minimum":1,
        "maximum":50
      },
      "earthRadius":{
        "description":"the radius of the earth in some unit of measure",
        "type":"number",
        "minimum":1
      },
      "formula":{
        "description":"a formula included in the formulae property of the config response.",
        "type":"string"
      },
      "limit": {
        "description":"the maximum number of matching places that may be returned.",
        "type":"integer",
        "minimum":1
      }
    },
    "required": ["requestType", "place", "distance", "earthRadius", "limit"],
    "additionalProperties": false
  }